Wall time,Step,Value
1715869076.6972036,0,0.0005123206647112966
1715869080.8588402,1,-0.005296039395034313
1715869084.8208048,2,0.0014536022208631039
1715869088.8796132,3,-0.004242088180035353
1715869092.7546039,4,0.0014798386255279183
1715869096.834671,5,0.008838042616844177
1715869100.7312055,6,0.0016455808654427528
1715869104.57894,7,0.003278380958363414
1715869108.4849365,8,0.0004009566910099238
1715869112.3948407,9,0.0027845639269798994
1715869116.3178923,10,-0.0007804851629771292
1715869120.1937888,11,-0.0007142186514101923
1715869124.1232028,12,-0.0005817249766550958
1715869128.203589,13,0.001408446696586907
1715869132.116322,14,-0.001841433346271515
1715869136.0745566,15,-0.006574559956789017
1715869139.9860365,16,0.001532642636448145
1715869143.8548968,17,0.0021402412094175816
1715869147.7102456,18,-0.0012466291664168239
1715869151.5871785,19,0.013147045858204365
1715869155.515415,20,-0.0014832807937636971
1715869159.65001,21,0.002092345617711544
1715869163.5633779,22,0.004383097868412733
1715869167.425906,23,0.0026409782003611326
1715869171.3238342,24,0.002515513449907303
1715869175.1705098,25,0.0008811786537989974
1715869179.0620003,26,-0.001776775810867548
1715869182.9870658,27,0.003917303401976824
1715869187.0807407,28,0.0029015482868999243
1715869191.020642,29,-0.0023674066178500652
1715869194.9000628,30,-0.0012638196349143982
1715869198.7509742,31,-0.007881720550358295
1715869202.662469,32,0.0005321267526596785
1715869206.6987307,33,-4.3844549509231e-05
1715869210.6500902,34,-0.0026941581163555384
1715869214.6241968,35,0.004367018584161997
1715869218.943163,36,-0.0015327382134273648
1715869222.9681005,37,-0.0005289206164889038
1715869226.8763134,38,-0.002373039023950696
1715869230.7997403,39,0.0007652305066585541
1715869234.6822202,40,-0.0010104462271556258
1715869238.5983932,41,-0.0031036518048495054
1715869242.4803307,42,0.004225799813866615
1715869246.4774377,43,-0.003037387039512396
1715869250.5224378,44,-0.0010869548423215747
1715869254.5223823,45,0.0007026302046142519
1715869258.4694874,46,-0.0014337189495563507
1715869262.3907735,47,-0.0030953879468142986
1715869266.3182137,48,-0.0004832930862903595
1715869270.2653482,49,-0.0038152274210006
1715869274.2006197,50,-0.006971058901399374
1715869278.3990335,51,-0.0021119576413184404
1715869282.3888307,52,-0.003806977765634656
1715869286.3607492,53,-0.0018768528243526816
1715869290.2827194,54,-0.0032001566141843796
1715869294.228422,55,3.7241312384139746e-05
1715869298.2122629,56,-6.262026545300614e-06
1715869302.1493158,57,0.00010331161320209503
1715869306.177125,58,0.0011608051136136055
1715869310.2699673,59,0.002417374635115266
1715869314.2181387,60,-6.146843952592462e-05
1715869318.1752107,61,-0.002680778270587325
1715869322.1981747,62,0.0007678543915972114
1715869326.1127253,63,-0.001448850380256772
1715869330.0367167,64,-0.0005933657521381974
1715869333.9767277,65,0.0004884658847004175
1715869338.1511767,66,0.0011788243427872658
1715869342.0786674,67,-0.0026827319525182247
1715869346.0414333,68,0.0013327243505045772
1715869350.089952,69,-0.0038352846167981625
1715869354.21724,70,-0.0009357795352116227
1715869358.3048854,71,-0.0013982986565679312
1715869362.3557587,72,0.00045136810513213277
1715869366.5901055,73,0.0016824140911921859
1715869370.8112109,74,0.0014029615558683872
1715869374.8652453,75,0.004613552708178759
1715869378.943442,76,0.008126024156808853
1715869383.0178888,77,-0.00105950515717268
1715869387.180255,78,-0.0017935128416866064
1715869391.2955918,79,-0.001826665597036481
1715869395.4005873,80,-0.00039276282768696547
1715869399.7216334,81,0.010071026161313057
1715869403.78223,82,-0.001763231703080237
1715869407.9311695,83,0.0001507373235654086
1715869412.0150585,84,-0.001909690909087658
1715869416.1258535,85,-0.000886402151081711
1715869420.2141678,86,-0.0026997982058674097
1715869424.3145912,87,-0.0011479542590677738
1715869428.6681337,88,-0.002577807055786252
1715869432.7925813,89,0.0007182657136581838
1715869436.8582525,90,-0.00202852301299572
1715869440.9835887,91,0.0003243451355956495
1715869445.0631423,92,-0.0010054601589217782
1715869449.1702347,93,-0.003334061009809375
1715869453.2300332,94,-0.002197913359850645
1715869457.5612864,95,-0.0038576514925807714
1715869461.764391,96,-0.0023710487876087427
1715869465.8656611,97,-0.005510512739419937
1715869469.955481,98,0.0007991021266207099
1715869474.09863,99,-0.002812397899106145
1715869478.2098205,100,-0.0029437614139169455
1715869482.3187566,101,-0.003782225539907813
1715869486.4770608,102,-0.005502412095665932
1715869490.7071571,103,0.0005393826286308467
1715869494.798643,104,-0.0002715177834033966
1715869498.8416274,105,-0.002386373234912753
1715869502.925389,106,-0.0004568489675875753
1715869507.0042942,107,0.0014766441890969872
1715869511.14195,108,-0.003820799058303237
1715869515.2201915,109,-0.0041228956542909145
1715869519.5276248,110,-0.00046330675831995904
1715869523.6126094,111,0.006117162760347128
1715869527.7851684,112,0.0009780754335224628
1715869531.914386,113,0.0036003622226417065
1715869536.003867,114,-0.0013235678197816014
1715869540.0176368,115,-0.0021462973672896624
1715869544.11609,116,-0.00297141307964921
1715869548.3967786,117,-0.004723722580820322
1715869552.4413307,118,3.00874871754786e-05
1715869556.499323,119,-0.00031144736567512155
1715869560.5950947,120,0.0002143856108887121
1715869564.6738486,121,-0.0018345438875257969
1715869568.7501814,122,-0.0007682958384975791
1715869572.801236,123,-0.0016623304691165686
1715869577.0869372,124,0.00035963422851637006
1715869581.2082274,125,-0.0035326899960637093
1715869585.2511485,126,-0.0019501189235597849
1715869589.3084748,127,-0.0026047567371279
1715869593.4779809,128,-0.005456666927784681
1715869597.5328226,129,0.003820798359811306
1715869601.6110952,130,-0.004068583715707064
1715869605.697304,131,-0.0031433412805199623
1715869609.922244,132,-0.005657739471644163
1715869614.0548236,133,-0.002409019274637103
1715869618.0557113,134,-0.0020257423166185617
1715869622.0569086,135,-9.080651216208935e-05
1715869626.1177602,136,-0.004893116187304258
1715869630.2141197,137,-0.0051031047478318214
1715869634.2167227,138,-0.0003673567553050816
1715869638.4757936,139,-0.002309247851371765
1715869642.534018,140,-0.002488893223926425
1715869646.6303957,141,0.002220031339675188
1715869650.7117233,142,-0.002290153643116355
1715869654.76929,143,-0.0025080544874072075
1715869658.7685883,144,-0.002422249410301447
1715869662.8655198,145,-0.002649526111781597
1715869667.0878503,146,-0.0045117964036762714
1715869671.2167401,147,-0.005178746767342091
1715869675.253901,148,-0.00191434845328331
1715869679.3481245,149,-0.0012758231023326516
1715869683.4154077,150,-0.004290092270821333
1715869687.5728583,151,-0.002634404692798853
1715869691.6009355,152,0.0004291934019420296
1715869695.7145383,153,-0.003997541964054108
1715869700.0096502,154,-0.003905243007466197
1715869704.0943172,155,-0.0036105604376643896
1715869708.1470025,156,0.00329403392970562
1715869712.22478,157,-0.0005292533314786851
1715869716.3133357,158,-0.003991789184510708
1715869720.3637998,159,-0.0029593149665743113
1715869724.4315753,160,-0.002037284430116415
1715869728.6509068,161,-0.002863337052986026
1715869732.7803884,162,-0.0025906586088240147
1715869736.8533344,163,-0.003739637555554509
1715869740.981157,164,-0.0019178217044100165
1715869745.040892,165,0.0015328438021242619
1715869749.160276,166,0.000981437973678112
1715869753.187651,167,-0.005107298493385315
1715869757.4472585,168,-0.002592936623841524
1715869761.5593092,169,-0.0015818250831216574
1715869765.6742635,170,-0.001531801070086658
1715869769.7508202,171,-0.0010261235293000937
1715869773.8369567,172,-0.0009298138902522624
1715869777.9399498,173,-0.004022049251943827
1715869782.042418,174,-0.003983873408287764
1715869786.0918524,175,0.00513475202023983
1715869790.3865523,176,0.004172380082309246
1715869794.4736753,177,-0.0009160156478174031
1715869798.552927,178,-0.003115143394097686
1715869802.548474,179,-0.004222146701067686
1715869806.622725,180,-0.005135182291269302
1715869810.6650093,181,-0.003839140757918358
1715869814.6914082,182,-0.0029662030283361673
1715869819.0534997,183,-0.0025417227298021317
1715869823.1344388,184,-0.002523040398955345
1715869827.1921942,185,-0.001988921780139208
1715869831.2386863,186,-0.001521507278084755
1715869835.355918,187,-0.0033921347931027412
1715869839.435473,188,-0.003561721183359623
1715869843.50128,189,-0.0007475531892850995
1715869847.729973,190,-0.0034353791270405054
1715869851.9154735,191,0.00029647801420651376
1715869855.9736092,192,-0.0024202687200158834
1715869860.0539033,193,-0.00541018508374691
1715869864.0726764,194,-0.002970836590975523
1715869868.1838746,195,0.0007707271724939346
1715869872.2425926,196,-0.004595171194523573
1715869876.2450674,197,-0.001057613524608314
1715869880.46148,198,-0.0038993661291897297
1715869884.549001,199,-0.0020995289087295532
1715869888.5701458,200,0.00034583231899887323
1715869892.5846958,201,-0.003018222516402602
1715869896.592234,202,0.004682086408138275
1715869900.6970558,203,-0.0024551700334995985
1715869904.7514853,204,-0.003477304708212614
1715869909.0104856,205,-0.0021268068812787533
1715869913.039644,206,0.0025665764696896076
1715869917.1174731,207,-0.0027405740693211555
1715869921.2682693,208,0.0005930109182372689
1715869925.3149571,209,-0.003230918664485216
1715869929.4025786,210,-0.006207114085555077
1715869933.417745,211,-0.003425538307055831
1715869937.6706758,212,-0.004022768698632717
1715869941.7134326,213,-0.0032804994843900204
1715869945.7054725,214,-0.004339280538260937
1715869949.7164984,215,-0.0036480289418250322
1715869953.7972424,216,0.0006018224521540105
1715869957.8040006,217,0.0013008649693802
1715869961.8429904,218,-0.0039910366758704185
1715869965.9365332,219,-0.0035783147905021906
1715869970.2818809,220,-0.0032689387444406748
1715869974.344806,221,-0.005572586320340633
1715869978.3549044,222,-0.0035453045275062323
1715869982.4814174,223,-0.0018260932993143797
1715869986.6769776,224,-0.0025977082550525665
1715869990.797443,225,-0.0052942149341106415
1715869994.9317517,226,-0.0031883572228252888
1715869999.256635,227,0.0004265255993232131
1715870003.4120948,228,-0.004043402150273323
1715870007.4457116,229,-0.0037456569261848927
1715870011.5023084,230,-0.0022508695255964994
1715870015.5206761,231,-0.004981182049959898
1715870019.6024413,232,-0.004358381498605013
1715870023.680553,233,-0.003347946098074317
1715870027.8886688,234,0.001015581307001412
1715870032.006178,235,-0.0048612807877361774
1715870036.0413535,236,-3.489973460091278e-05
1715870040.1241467,237,-0.003777741687372327
1715870044.1809595,238,-0.003130279015749693
1715870048.1980155,239,0.00028412669780664146
1715870052.2430592,240,0.0013591547030955553
1715870056.2933226,241,-0.002675090217962861
1715870060.5609474,242,-0.002004254376515746
1715870064.6022382,243,-0.0007210331386886537
1715870068.6017597,244,-0.005135465878993273
1715870072.6647527,245,-0.004085807129740715
1715870076.7173226,246,-0.00423504039645195
1715870080.7406714,247,-0.005896088667213917
1715870084.778422,248,-0.003559286240488291
1715870089.1190624,249,-0.005783780477941036
1715870093.1886582,250,-0.003940979950129986
1715870097.2744675,251,-0.0051577333360910416
1715870101.3142786,252,-0.004144436214119196
1715870105.428762,253,-0.0032085746061056852
1715870109.454322,254,-0.006081173662096262
1715870113.5081558,255,-0.0024510202929377556
1715870117.7190588,256,-0.004327061586081982
1715870121.9110167,257,-0.004805191420018673
1715870126.0302093,258,-0.003572292858734727
1715870130.0984657,259,-0.004748919978737831
1715870134.1865208,260,-0.005014903377741575
1715870138.2657516,261,-0.005253009032458067
1715870142.3385184,262,-0.0031344976741820574
1715870146.3231502,263,-0.0032865749672055244
1715870150.5786662,264,-0.003797201905399561
1715870154.6009374,265,-0.0039054874796420336
1715870158.6972775,266,-0.003298521740362048
1715870162.7435555,267,-0.004333630204200745
1715870166.8060632,268,-0.005222376901656389
1715870170.8316498,269,-0.004137333948165178
1715870174.8748112,270,-0.003785470500588417
1715870179.1130667,271,-0.0014567961916327477
1715870183.110957,272,-0.003352198051288724
1715870187.1383874,273,-0.0036461097188293934
1715870191.2223692,274,-0.0007379233720712364
1715870195.2333748,275,-0.0031155836768448353
1715870199.2658172,276,-0.004166147205978632
1715870203.2715647,277,-0.002042056992650032
1715870207.4417431,278,-0.00031554201268590987
1715870211.5246813,279,-0.006442680489271879
1715870215.537924,280,-0.0033213424030691385
1715870219.5628364,281,-0.005538493394851685
1715870223.5757558,282,-0.0013070531422272325
1715870227.6376538,283,-0.0008999168640002608
1715870231.6634378,284,-0.002132997615262866
1715870235.6620767,285,-0.004169553052634001
1715870239.9305615,286,-0.0029624025337398052
1715870244.0479672,287,-0.00412022927775979
1715870248.0756857,288,-0.004354035947471857
1715870252.1212397,289,-0.004725833889096975
1715870256.1619897,290,-0.004767531994730234
1715870260.217424,291,-0.005674859043210745
1715870264.2293003,292,-0.0020574911031872034
1715870268.4685674,293,-0.0028908150270581245
1715870272.4932754,294,-0.003574599279090762
1715870276.55789,295,-0.0036105280742049217
1715870280.613917,296,-0.00708062993362546
1715870284.6948977,297,-0.00484572583809495
1715870288.7150877,298,-0.0038275024853646755
1715870292.6558938,299,-0.003742949338629842
1715870296.5270054,300,-0.0034333220683038235
1715870300.665677,301,-0.0051926616579294205
1715870304.56498,302,-0.003346736077219248
1715870308.524237,303,-0.005583041347563267
1715870312.4301407,304,-0.002526195254176855
1715870316.319885,305,0.00017912115436047316
1715870320.2111433,306,-0.0013747257180511951
1715870324.109525,307,-0.005274945870041847
1715870328.2241783,308,-0.0029364582151174545
1715870332.1469386,309,-0.0031158109195530415
1715870336.0153012,310,-0.0047931610606610775
1715870339.8730729,311,-0.005491924937814474
1715870343.8257804,312,0.000607428839430213
1715870347.7554717,313,-0.001981158275157213
1715870351.6972005,314,-0.004184467252343893
1715870355.5935469,315,0.0056242975406348705
1715870359.7771833,316,-0.002708441810682416
1715870363.6475236,317,-0.003889550222083926
1715870367.5214968,318,-0.0027638860046863556
1715870371.3601127,319,-0.005391817539930344
1715870375.2715485,320,-0.003527571214362979
1715870379.1412137,321,-0.0038285176269710064
1715870383.0355039,322,-0.00168036506511271
1715870386.974777,323,-0.001768671441823244
1715870391.0975692,324,0.0003097827429883182
1715870394.926114,325,-0.0010922144865617156
1715870398.8203046,326,-0.00202001491561532
1715870402.7376368,327,-0.004117978736758232
1715870406.7105372,328,-0.0027588685043156147
1715870410.6194015,329,-0.0037558991461992264
1715870414.522566,330,-0.0038183347787708044
1715870418.6441264,331,0.00014104091678746045
1715870422.6052976,332,-0.0037807708140462637
1715870426.5460956,333,-0.0035271106753498316
1715870430.4444113,334,-0.0023478714283555746
1715870434.284578,335,0.00103603710886091
1715870438.1435845,336,-0.0020916389767080545
1715870442.0832567,337,-0.004549081437289715
1715870445.9614267,338,-0.004699313547462225
1715870450.068354,339,-0.003514740848913789
1715870453.961875,340,-0.002846179995685816
1715870457.8798442,341,-0.0021763115655630827
1715870461.7505305,342,0.0014645860064774752
1715870465.6563025,343,-4.857925159740262e-05
1715870469.541766,344,-0.0006602696957997978
1715870473.564543,345,-0.0013595458585768938
1715870477.5823982,346,-0.0028407727368175983
1715870481.5422962,347,-0.00274776853621006
1715870485.4512756,348,-0.004602649714797735
1715870489.419802,349,0.0002105628518620506
1715870493.3631988,350,0.0019021016778424382
1715870497.2634149,351,-0.0020207157358527184
1715870501.1511636,352,-0.005357804708182812
1715870505.0698662,353,-0.006276199594140053
1715870509.215962,354,-0.0029822082724422216
1715870513.1221154,355,-0.0039007761515676975
1715870517.0840917,356,-0.0023963707499206066
1715870520.9540424,357,0.0005896391230635345
1715870524.929241,358,-0.00125798094086349
1715870528.8350167,359,-0.004441723693162203
1715870532.7379613,360,-0.003738728817552328
1715870536.6248133,361,0.0020622180309146643
1715870540.803531,362,0.0006838507833890617
1715870544.6888847,363,-0.004823397845029831
1715870548.541831,364,-0.0019512473372742534
1715870552.4301844,365,0.0014109580079093575
1715870556.3336666,366,-0.005361052695661783
1715870560.2172434,367,-0.0035641018766909838
1715870564.0922525,368,-0.0025048686657100916
1715870568.1743915,369,0.0015590055845677853
1715870572.181524,370,-0.0014026234857738018
1715870576.12165,371,0.0019267366733402014
1715870580.0431378,372,0.00038348636007867754
1715870583.9114127,373,-0.0022516767494380474
1715870587.809931,374,-0.004590458236634731
1715870591.7026272,375,-0.004598694387823343
1715870595.5719633,376,-0.0023335858713835478
1715870599.6715658,377,-0.0041211629286408424
1715870603.6193576,378,-0.0032570648472756147
1715870607.506163,379,0.0006532017141580582
1715870611.4035904,380,0.001118672313168645
1715870615.3113694,381,-0.005415935534983873
1715870619.1539445,382,-0.0009494302212260664
1715870623.0829484,383,-0.004842523019760847
1715870626.9659116,384,-0.0054050167091190815
1715870631.0813243,385,-0.006161592435091734
1715870635.030126,386,-0.0038096648640930653
1715870639.001271,387,-0.004793645814061165
1715870642.8748555,388,-0.004000373650342226
1715870646.743948,389,-0.0038548868615180254
1715870650.6454895,390,-0.0045698550529778
1715870654.5872467,391,-0.0032751860562711954
1715870658.6528606,392,-0.0038155519869178534
1715870662.627411,393,-0.004123982973396778
1715870666.52568,394,-0.004059195518493652
1715870670.4405367,395,-0.0008919715764932334
1715870674.3534467,396,-0.004818584769964218
1715870678.2337844,397,-0.003610782092437148
1715870682.1278393,398,-0.0012608063407242298
1715870686.0847661,399,-0.0007478687330149114
1715870690.2278752,400,-0.0051517607644200325
1715870694.1577306,401,-0.005371891427785158
1715870698.0438724,402,-0.001128057250753045
1715870701.978102,403,-0.0022116866894066334
1715870705.8754604,404,-0.0049192942678928375
1715870709.7892625,405,-0.0035928937140852213
1715870713.6943414,406,-0.003058793256059289
1715870717.767784,407,-0.002382203470915556
1715870721.8041356,408,-0.0037057811859995127
1715870725.7070167,409,-0.005719867534935474
1715870729.5774205,410,-0.006413665134459734
1715870733.5239165,411,-0.003963674884289503
1715870737.535051,412,-0.006913492921739817
1715870741.4621966,413,-0.003842438803985715
1715870745.345937,414,-0.0056884135119616985
1715870749.444366,415,-0.004538176115602255
1715870753.4004657,416,-0.005682711955159903
1715870757.3300726,417,-0.003824047278612852
1715870761.224254,418,-0.004870686214417219
1715870765.1488323,419,0.00037389068165794015
1715870769.0994375,420,-0.0003392308426555246
1715870773.0157871,421,-0.0011871582828462124
1715870776.9080145,422,-0.002254983875900507
1715870780.9926968,423,-0.004818955436348915
1715870784.94128,424,-0.003314720233902335
1715870788.8345723,425,-0.0016964746173471212
1715870792.7791574,426,-0.0015501511516049504
1715870796.6848917,427,-0.0019675956573337317
1715870800.6256957,428,-0.002931969240307808
1715870804.5610273,429,8.111434726743028e-05
1715870808.6310275,430,-0.0017528531607240438
1715870812.568566,431,-0.0020540941040962934
1715870816.4490986,432,-0.0012594860745593905
1715870820.3983161,433,-0.006017906125634909
1715870824.2828,434,-0.00396515429019928
1715870828.1734202,435,-0.0008500279509462416
1715870832.0493288,436,-0.004848413169384003
1715870835.993115,437,-0.002276092767715454
1715870840.0906796,438,-0.006394288502633572
1715870843.9795635,439,-0.0054864343255758286
1715870847.8639078,440,-0.005520721897482872
1715870851.787204,441,-0.002020220970734954
1715870855.6994314,442,-0.0022096484899520874
1715870859.5909092,443,-0.003025026060640812
1715870863.4956777,444,-4.67454556201119e-05
1715870867.5642524,445,-0.0036998209543526173
1715870871.6089034,446,-0.005037314724177122
1715870875.5694313,447,0.006741554941982031
1715870879.5064597,448,-0.0023860286455601454
1715870883.4974575,449,-0.002452962566167116
1715870887.3918145,450,-0.003120196983218193
1715870891.308891,451,-0.004507503472268581
1715870895.1935337,452,-0.006120665464550257
1715870899.3745766,453,-0.0015385878505185246
1715870903.3117676,454,-0.003364062635228038
1715870907.2169936,455,-0.006237161345779896
1715870911.126151,456,-0.0016183166299015284
1715870915.0364075,457,-0.0044854311272501945
1715870919.0303273,458,-0.0016505110543221235
1715870922.9669232,459,-0.0038628303445875645
1715870926.8720005,460,-0.0005101087735965848
1715870931.0779817,461,0.001700294786132872
1715870935.037606,462,-0.0016834185225889087
1715870938.944414,463,-0.002704029902815819
1715870942.8524852,464,-0.0052642966620624065
1715870946.787454,465,-0.0023781561758369207
1715870950.7385166,466,0.010877876542508602
1715870954.6685958,467,-0.0015576103469356894
1715870958.7511177,468,-0.004513233434408903
1715870962.744968,469,-0.0020041787065565586
1715870966.688546,470,-3.584327714634128e-05
1715870970.6068287,471,0.002632871735841036
1715870974.5495286,472,-0.000809481309261173
1715870978.444569,473,0.001252777990885079
1715870982.382059,474,-0.0020465701818466187
1715870986.2917774,475,-0.0009355336660519242
1715870990.3988147,476,-0.0002947727916762233
1715870994.322091,477,-0.0025545067619532347
1715870998.2737727,478,-0.0016474769217893481
1715871002.1262279,479,-0.0020011779852211475
1715871005.9948385,480,-0.0037120359484106302
1715871009.8954012,481,-0.002918129088357091
1715871013.8133783,482,-0.0053642308339476585
1715871017.8303862,483,-0.004345939494669437
1715871021.8920503,484,-0.003585404483601451
1715871025.8023646,485,-0.0023290561512112617
1715871029.6824722,486,-0.0027061898726969957
1715871033.6549146,487,-0.00544007821008563
1715871037.5406218,488,-0.0017214693361893296
1715871041.4516935,489,-0.0034989367704838514
1715871045.3460176,490,-0.00513789476826787
1715871049.5090992,491,-0.0012745516141876578
1715871053.4202626,492,-0.0031533888541162014
1715871057.321585,493,-0.0006966365035623312
1715871061.243275,494,-0.002350063528865576
1715871065.1963317,495,-0.006980258505791426
1715871069.1081026,496,-0.004864235874265432
1715871072.9999955,497,-0.0032137753441929817
1715871076.8617566,498,-0.0032426968682557344
1715871081.0020332,499,-0.003934334963560104
1715871084.9275646,500,-0.0019508471013978124
1715871088.8609855,501,-0.004597464110702276
1715871092.7790592,502,-0.001030720304697752
1715871096.7242303,503,-0.003217897843569517
1715871100.5883598,504,-0.0032920048106461763
1715871104.446974,505,-0.004911791533231735
1715871108.4684865,506,-0.001875261776149273
1715871112.406156,507,-0.0045547569170594215
1715871116.3526006,508,-0.00626920023933053
1715871120.2411022,509,8.641353815619368e-06
1715871124.1317945,510,-0.0006149563123472035
1715871128.0173037,511,-0.0038595949299633503
1715871131.9261327,512,-0.0014239281881600618
1715871135.801677,513,-0.00332860485650599
1715871139.909351,514,-0.004310583230108023
1715871143.8511817,515,-0.0053372737020254135
1715871147.8661697,516,0.0003890397201757878
1715871151.79867,517,0.0038646177854388952
1715871155.775329,518,0.0012937714345753193
1715871159.6893222,519,0.00100201484747231
1715871163.6584232,520,-0.0019136968767270446
1715871167.6367006,521,0.002237313659861684
1715871171.7401855,522,-0.002142003271728754
1715871175.6389143,523,-0.002392970025539398
1715871179.585313,524,-0.0034788823686540127
1715871183.489222,525,-0.003938694018870592
1715871187.5247662,526,-0.004270820878446102
1715871191.3936388,527,-0.00042367257992736995
1715871195.311326,528,-0.002415741328150034
1715871199.6118822,529,0.00018668668053578585
1715871203.4926398,530,0.0015478999121114612
1715871207.3825521,531,-0.0023194763343781233
1715871211.2518196,532,-0.0005079295951873064
1715871215.1661744,533,-0.0021465488243848085
1715871219.0475593,534,-0.0027784393168985844
1715871222.9065773,535,-0.0040589612908661366
1715871226.7748387,536,-0.001412265351973474
1715871230.9270873,537,-0.003991411998867989
1715871234.9262612,538,-0.0024827327579259872
1715871238.7996645,539,-0.005832467693835497
1715871242.670171,540,-0.0027322007808834314
1715871246.5877166,541,-0.0059287454932928085
1715871250.4462018,542,-0.004014970269054174
1715871254.3346148,543,-0.002612186362966895
1715871258.3572729,544,0.0023042026441544294
1715871262.348208,545,-0.00011032413749489933
1715871266.254591,546,-0.0016696262173354626
1715871270.1219757,547,-0.00037770456401631236
1715871274.0470066,548,-0.001968191470950842
1715871277.9795365,549,0.005371068604290485
1715871281.8414636,550,-0.001457649515941739
1715871285.7565684,551,0.0005842034588567913
1715871289.8988962,552,0.0026718073058873415
1715871293.8407137,553,-0.001940222573466599
1715871297.7603378,554,-0.0028649200685322285
1715871301.6514578,555,-0.0010589921148493886
1715871305.5159078,556,-0.001621738774701953
1715871309.4055567,557,-0.0007332670502364635
1715871313.322609,558,-0.0042717345058918
1715871317.2064824,559,0.0007136145140975714
1715871321.2912486,560,-0.003944519441574812
1715871325.2059047,561,-0.005313584115356207
1715871329.1270556,562,-0.004410687834024429
1715871333.0049367,563,-0.003979197237640619
1715871336.8909447,564,-0.004846819676458836
1715871340.7725809,565,-0.001903500291518867
1715871344.7693765,566,-0.003404820105060935
1715871348.7910576,567,-0.0020725287031382322
1715871352.7145958,568,-0.004147798288613558
1715871356.62058,569,-0.0022274493239820004
1715871360.5979111,570,-0.0027194679714739323
1715871364.5173953,571,-0.004955394193530083
1715871368.3904223,572,-0.0027145659551024437
1715871372.2781484,573,-0.0028702476993203163
1715871376.238129,574,-0.0028038648888468742
1715871380.3573263,575,-0.003914728295058012
1715871384.2412581,576,-0.0038490118458867073
1715871388.178624,577,-0.0029365411028265953
1715871392.16734,578,-0.005212439689785242
1715871396.0976384,579,0.002560314256697893
1715871400.0258594,580,-0.003555736970156431
1715871403.9407935,581,-0.0048045204021036625
1715871407.888997,582,-0.00041914498433470726
1715871412.066466,583,-0.003610044252127409
1715871415.9566164,584,-0.0033579838927835226
1715871419.8751087,585,-0.005967000033706427
1715871424.1832154,586,-0.000457583402749151
1715871428.3165634,587,-0.003190142335370183
1715871432.3688262,588,-0.0029085143469274044
1715871436.4034092,589,-0.0016950848512351513
1715871440.7219965,590,-0.0036685599479824305
1715871445.1578,591,-0.004638685844838619
1715871449.5086837,592,0.0001780916063580662
1715871453.8478587,593,-0.0026212960947304964
1715871458.15932,594,-0.00284977862611413
1715871462.344554,595,-0.0036334064789116383
1715871466.6789749,596,0.0019965015817433596
1715871470.8720245,597,-0.0038242661394178867
1715871475.1162386,598,-0.00288745341822505
1715871479.385144,599,0.0006150660919956863
1715871483.4503846,600,-0.001354011707007885
1715871487.5316963,601,-0.0034473538398742676
1715871491.569985,602,-0.0031256587244570255
1715871495.6906824,603,-0.004351112525910139
1715871499.9564087,604,-0.0011297246674075723
1715871504.122545,605,-0.004496992100030184
1715871508.622618,606,-0.005134735722094774
1715871512.9478407,607,-0.0011498630046844482
1715871517.3575327,608,-0.003706017043441534
1715871521.5594282,609,-0.004129020497202873
1715871525.8025374,610,-0.0018942661117762327
1715871530.018205,611,-0.0021746112033724785
1715871534.2860463,612,-0.004280810244381428
1715871538.4632707,613,-0.0022827093489468098
1715871542.8673577,614,-0.0004546447889879346
1715871546.9090142,615,-0.0017270877724513412
1715871550.9392936,616,-0.0010053132427856326
1715871554.92396,617,-0.00313134235329926
1715871558.91995,618,-0.0018101558089256287
1715871563.0999234,619,-0.005532214418053627
1715871567.2128968,620,-0.003226396394893527
1715871571.1790483,621,-0.005379820242524147
1715871575.1687508,622,-0.003080448368564248
1715871579.203897,623,-0.004907703958451748
1715871583.5705814,624,-0.003231446258723736
1715871587.7633924,625,-0.0028770361095666885
1715871592.0727928,626,-0.002641506027430296
1715871596.0761724,627,-0.0033719995990395546
1715871600.1640017,628,-0.004633614793419838
1715871604.1756456,629,-0.007337583228945732
1715871608.1923423,630,-0.001207859837450087
1715871612.1756914,631,-0.0012366138398647308
1715871616.134654,632,-0.0016504480736330152
1715871620.383956,633,-0.0027832912746816874
1715871624.4555743,634,-0.0032535658683627844
1715871628.507492,635,-0.0039126137271523476
1715871632.4947402,636,-0.005261051934212446
1715871636.5489929,637,-0.0043223947286605835
1715871640.5484736,638,-0.004597614984959364
1715871644.5127656,639,-0.00020015145128127187
1715871648.5019925,640,-0.004101173020899296
1715871652.7822213,641,-0.0050712451338768005
1715871656.7650945,642,-0.003361176699399948
1715871660.780177,643,0.0018974831327795982
1715871664.7585342,644,-0.0015368820168077946
1715871668.8153844,645,-0.002688731998205185
1715871672.8010347,646,-0.003509130096063018
1715871676.8035555,647,-0.0014513253699988127
1715871681.0754921,648,-0.004087585955858231
1715871685.1518466,649,-0.0006221277290023863
1715871689.1638622,650,-0.0032198878470808268
1715871693.1849966,651,-0.004108759108930826
1715871697.200503,652,-0.003703946713358164
1715871701.2958138,653,-0.0022451896220445633
1715871705.316083,654,-0.002844309899955988
1715871709.3901017,655,-0.004238023888319731
1715871713.5105052,656,-0.004833356477320194
1715871717.5097933,657,-0.005053750239312649
1715871721.5607636,658,-0.001437616883777082
1715871725.650552,659,-0.002752387896180153
1715871729.6883144,660,-0.0004289651697035879
1715871733.6677217,661,-0.007590335328131914
1715871737.6967144,662,-0.005379736889153719
1715871741.920155,663,-0.004016715567559004
1715871745.9171312,664,-0.004028993658721447
1715871749.9367232,665,-0.0008257823064923286
1715871754.0620599,666,-0.004392635077238083
1715871758.126608,667,-0.005502454470843077
1715871762.124588,668,-0.006342370994389057
1715871766.1576834,669,0.00022875612194184214
1715871770.428298,670,-0.004416021518409252
1715871774.494182,671,0.00028676658985204995
1715871778.4854329,672,-0.005709708668291569
1715871782.5390892,673,-0.003765957662835717
1715871786.6198685,674,-0.0074760704301297665
1715871790.6208172,675,-0.0011106925085186958
1715871794.6701164,676,-0.006868425756692886
1715871798.6887307,677,-0.005807526875287294
1715871803.0684578,678,-0.004330703057348728
1715871807.110579,679,-0.003247608197852969
1715871811.6180367,680,-0.00418465118855238
1715871816.2409544,681,-0.006176833529025316
1715871820.976183,682,-0.006769063416868448
1715871825.711743,683,-0.004737071227282286
1715871829.8725114,684,-0.0031264550052583218
1715871833.8635027,685,-0.006758422125130892
1715871838.0539942,686,-0.005443706177175045
1715871842.1874795,687,-0.005454138852655888
1715871846.176514,688,-0.004119368270039558
1715871850.0650005,689,-0.0020615961402654648
1715871854.2959766,690,-0.004969870671629906
1715871858.5653365,691,-0.0040151881985366344
1715871862.7602186,692,-0.001974452519789338
1715871866.8454819,693,-0.0042131938971579075
1715871870.9105618,694,-0.004195331130176783
1715871875.1550307,695,-0.005716371349990368
1715871879.6263509,696,-0.0055516306310892105
1715871883.8364115,697,-0.006141291465610266
1715871888.063338,698,-0.0034560514613986015
1715871892.1659343,699,-0.003913733642548323
1715871896.2136378,700,-0.004478164948523045
1715871900.4035537,701,-0.008446736261248589
1715871904.511747,702,-0.003864898346364498
1715871908.5990763,703,-0.004309337120503187
1715871912.5839605,704,-0.004481260199099779
1715871916.6999416,705,-0.004967377055436373
1715871920.7027533,706,-0.004227601457387209
1715871924.7944703,707,-0.0067558689042925835
1715871928.995904,708,-0.006249277386814356
1715871933.1244998,709,-0.003392249345779419
1715871937.2928884,710,-0.003868164960294962
1715871941.3020725,711,-0.007769622839987278
1715871945.450902,712,-0.005761945620179176
1715871949.5114226,713,-0.004203679505735636
1715871953.548154,714,-0.0030833876226097345
1715871957.5336246,715,-0.004341944120824337
1715871961.623286,716,-0.001389176002703607
1715871965.6420126,717,-0.004209490492939949
1715871969.7413473,718,-0.000684951024595648
1715871973.7528172,719,-0.005491490010172129
1715871977.8490422,720,-0.002602576045319438
1715871981.9437594,721,-0.004015998914837837
1715871986.0213194,722,-0.0019676631782203913
1715871989.9745026,723,-0.0035913658794015646
1715871993.9343522,724,-0.0021099764853715897
1715871997.969702,725,-0.0032243765890598297
1715872001.9921896,726,-0.004835581406950951
1715872005.9591296,727,-0.0032886401750147343
1715872009.9441671,728,0.00030836311634629965
1715872014.0306952,729,-0.0036169015802443027
1715872018.019842,730,-0.003430501325055957
1715872022.0773106,731,-0.00376478536054492
1715872026.2979753,732,-0.0018727424321696162
1715872030.4881818,733,-0.004034259356558323
1715872034.8389282,734,-0.003930920269340277
1715872039.1885087,735,-0.0037991730496287346
1715872043.4663408,736,-0.002694714115932584
1715872047.8418138,737,-0.002600795589387417
1715872052.1621757,738,-0.005372548010200262
1715872056.3334196,739,0.0036330949515104294
1715872060.4268045,740,-0.0018552440451458097
1715872064.4994314,741,-0.007588110864162445
1715872068.410864,742,0.0003162567154504359
1715872072.4020853,743,-0.0031830028165131807
1715872076.2960413,744,-0.0015172816347330809
1715872080.2593582,745,-0.0018916791304945946
1715872084.1670947,746,-0.005160066299140453
1715872088.0755937,747,-0.0038408972322940826
1715872091.9493399,748,-0.004115411080420017
1715872095.8756597,749,0.004534704145044088
1715872099.7478042,750,-0.003062041476368904
1715872103.6846437,751,-0.0016131512820720673
1715872107.562141,752,-0.000272080535069108
1715872111.4706066,753,-0.0022906670346856117
1715872115.38088,754,-0.004223650321364403
1715872119.2772892,755,-0.004484253004193306
1715872123.1793797,756,-0.003931512124836445
1715872127.0892053,757,-0.002946666209027171
1715872130.99399,758,-0.006554259452968836
1715872134.8627498,759,-0.0033406210131943226
1715872138.738932,760,-0.002636909019201994
1715872142.6032584,761,-0.003020107513293624
1715872146.6096451,762,-0.0037470050156116486
1715872150.4643526,763,-0.004712237510830164
1715872154.329646,764,-0.00342569500207901
1715872158.171904,765,-0.005653844680637121
1715872162.1167555,766,-0.004172629211097956
1715872166.4260724,767,-0.004096015356481075
1715872170.3688776,768,-0.0028021452017128468
1715872174.3351562,769,0.001869961735792458
1715872178.7652137,770,-0.0037168676499277353
1715872182.9668539,771,-0.001229210291057825
1715872187.0276468,772,0.0009831662755459547
1715872191.2996013,773,-0.002385551342740655
1715872195.618324,774,-0.0028344676829874516
1715872200.0247893,775,9.019792196340859e-05
1715872204.4264297,776,-0.0037884418852627277
1715872208.8472934,777,-0.002790721133351326
1715872213.18388,778,-0.003084569936618209
1715872217.2345495,779,-0.002415458206087351
1715872221.4210024,780,-0.005012955982238054
1715872225.583496,781,-0.0015645843232050538
1715872229.57006,782,-0.00153059558942914
1715872233.99868,783,-0.00406593456864357
1715872237.9823089,784,-0.0032319268211722374
1715872241.8483841,785,-0.00497629027813673
1715872245.7298293,786,-0.001971449702978134
1715872249.711742,787,-0.0048616500571370125
1715872253.7929902,788,-0.0023370187263935804
1715872257.934084,789,-0.0005572746740654111
1715872262.0957918,790,-0.0034461054019629955
1715872266.3536534,791,0.002992830006405711
1715872270.4847503,792,-0.0008922265260480344
1715872274.5670242,793,-0.001760096405632794
1715872278.691332,794,0.00029042497044429183
1715872282.8009682,795,-0.0037505310028791428
1715872287.157617,796,-0.0009510091040283442
1715872291.3466992,797,-0.001801652368158102
1715872295.4848168,798,-0.005190296098589897
1715872299.8813357,799,-0.0021848822943866253
1715872303.839237,800,-0.0032079946249723434
1715872307.7479367,801,-0.00036916398676112294
1715872311.6678963,802,-0.0035516610369086266
1715872315.6390529,803,-0.0009112807456403971
1715872319.5111718,804,-0.004514214117079973
1715872323.4564812,805,-0.004092991352081299
1715872327.3857198,806,-0.0060389419086277485
1715872331.477044,807,-0.004230046179145575
1715872335.5814126,808,-0.0017887656576931477
1715872339.7785704,809,-0.004211851395666599
1715872343.6981936,810,-0.00449829176068306
1715872347.6801634,811,-0.0014425148256123066
1715872351.9016135,812,-0.0035387943498790264
1715872356.0373302,813,-0.0013699185801669955
1715872360.093246,814,-0.00028536212630569935
1715872364.1855907,815,-0.0024233206640928984
1715872368.3421938,816,-0.0026117409579455853
1715872372.346876,817,-0.0027461808640509844
1715872376.4319706,818,-0.003288267645984888
1715872380.562193,819,-0.0023529971949756145
1715872384.8492157,820,0.001332943676970899
1715872389.1216118,821,0.0017524641007184982
1715872393.4903522,822,-0.003308809595182538
1715872398.0630343,823,-0.005608581472188234
1715872402.5815637,824,-0.002778878202661872
1715872406.953839,825,-0.003976298030465841
1715872411.218988,826,-0.003943093121051788
1715872415.4104826,827,-0.004548841156065464
1715872419.623016,828,-0.004367177374660969
1715872423.6044645,829,-0.0034409791696816683
1715872427.7520669,830,0.0001462213695049286
1715872432.0983517,831,-0.0029485062696039677
1715872436.334309,832,-0.004167916718870401
1715872440.5687282,833,-0.003002225887030363
1715872444.76476,834,-0.0030397139489650726
1715872448.8116696,835,-0.0020785448141396046
1715872452.823772,836,-0.0012829587794840336
1715872456.9847913,837,-0.0016063422663137317
1715872461.0281203,838,-0.003208465874195099
1715872465.3778164,839,-0.004873968660831451
1715872469.422275,840,-0.0025750340428203344
1715872473.5792408,841,-0.003187141614034772
1715872477.6527276,842,-0.002336127683520317
1715872481.6569269,843,-0.0033254707232117653
1715872485.724064,844,-0.006106477230787277
1715872489.87894,845,-0.00379838515073061
1715872494.0378919,846,-0.00444028340280056
1715872498.2290514,847,-0.004416406154632568
1715872502.1508994,848,-0.0018084603361785412
1715872506.1607811,849,-0.005156897474080324
1715872510.0694118,850,-0.005117923021316528
1715872514.0222783,851,-0.004170330706983805
1715872517.9688091,852,-0.004982090089470148
1715872521.9400218,853,-0.0027634291909635067
1715872525.8629215,854,-0.0005009813467040658
1715872529.7553146,855,-0.002755433088168502
1715872533.668585,856,-0.006761017721146345
1715872537.6190183,857,-0.003310334635898471
1715872541.5754752,858,-0.0032099972013384104
1715872545.4833038,859,-0.00383471860550344
1715872549.3740027,860,-0.0032402731012552977
1715872553.245863,861,-0.004779535345733166
1715872557.1507368,862,-0.0029098717495799065
1715872561.0400362,863,-0.002603529952466488
1715872564.968117,864,0.0006305667338892817
1715872568.8833754,865,-0.0016213447088375688
1715872572.8467855,866,-0.0017015454359352589
1715872576.7526195,867,-0.0032510035671293736
1715872580.6661036,868,-0.0020216002594679594
1715872584.5503974,869,-0.001195618067868054
1715872588.5367405,870,-0.004448920022696257
1715872592.4661548,871,-0.00325846578925848
1715872596.3635836,872,-0.002057676436379552
1715872600.2615545,873,-0.003432076657190919
1715872604.2171652,874,-0.0044924127869307995
1715872608.0929027,875,-0.0037599382922053337
1715872611.972643,876,-0.003523698542267084
1715872615.8487988,877,-0.0032954602502286434
1715872619.7668157,878,-0.003295209491625428
1715872623.650287,879,-0.0038339514285326004
1715872627.5207741,880,-0.002861727960407734
1715872631.4099002,881,-0.00211026961915195
1715872635.2654593,882,-0.001757744001224637
1715872639.222199,883,0.0010206353617832065
1715872643.121664,884,-0.0043883961625397205
1715872647.039261,885,-0.006657296791672707
1715872650.926856,886,-0.0035398476757109165
1715872654.9027572,887,-0.004558065440505743
1715872658.768626,888,-0.002700465265661478
1715872662.6694102,889,-0.0017282543703913689
1715872666.5774374,890,-0.004015536978840828
1715872670.519062,891,-0.005352663807570934
1715872674.4662156,892,-0.0043193502351641655
1715872678.3994968,893,-0.002954610390588641
1715872682.3182836,894,-0.0042978390119969845
1715872686.2696428,895,-0.0005554274539463222
1715872690.2008834,896,-0.00107709807343781
1715872694.1347735,897,0.0020154505036771297
1715872698.0363355,898,-0.0010754709364846349
1715872701.9724658,899,-0.0026577534154057503
1715872705.9060445,900,-0.002445375546813011
1715872709.852432,901,-0.0023198260460048914
1715872713.7762105,902,-0.004777851980179548
1715872717.7326245,903,-0.0017501837573945522
1715872721.6197944,904,-0.0035049268044531345
1715872725.5127063,905,0.002189700026065111
1715872729.4296095,906,-0.004357052035629749
1715872733.2959304,907,-0.0008963950676843524
1715872737.2370136,908,-0.002207775367423892
1715872741.1171284,909,-0.004254295025020838
1715872744.9856455,910,0.005716161336749792
1715872748.859043,911,-0.002779790200293064
1715872752.791326,912,-0.001701131695881486
1715872756.655356,913,-0.002426857827231288
1715872760.5201285,914,-0.004441974684596062
1715872764.4259758,915,-0.0016702960710972548
1715872768.351201,916,-0.0031351607758551836
1715872772.2132506,917,-0.00491881649941206
1715872776.106938,918,-0.0036397066432982683
1715872779.9535623,919,0.0009318010997958481
1715872783.875953,920,-0.001163922599516809
1715872787.7591853,921,-0.0029578018002212048
1715872791.7545516,922,-0.00557036604732275
1715872795.6683147,923,-0.006159059703350067
1715872799.6029887,924,-2.4979288355098106e-05
1715872803.4963095,925,-0.003007688792422414
1715872807.3978343,926,-0.002732748631387949
1715872811.2853663,927,-0.0020212552044540644
1715872815.2005644,928,0.0012918204301968217
1715872819.1114068,929,-0.0005615175468847156
1715872823.0183103,930,-0.0033566465135663748
1715872826.9343016,931,-0.0035646632313728333
1715872830.851322,932,-0.0014265287900343537
1715872834.7992496,933,-0.005504987668246031
1715872838.6984797,934,-0.0013813223922625184
1715872842.5916457,935,-0.0019088007975369692
1715872846.4898303,936,-0.0012471600202843547
1715872850.460863,937,-0.0010023459326475859
1715872854.3555725,938,-0.0031882417388260365
1715872858.2545059,939,-0.0019357644487172365
1715872862.1137164,940,-0.0020950802136212587
1715872866.0285268,941,-0.0051634362898766994
1715872869.9262958,942,-0.0017082684207707644
1715872873.813275,943,-0.0036805584095418453
1715872877.6919832,944,-0.00039810442831367254
1715872881.6327808,945,-0.004462661687284708
1715872885.5374694,946,-0.0052785249426960945
1715872889.3808343,947,-0.0028515434823930264
1715872893.3003514,948,-0.0029131334740668535
1715872897.2745862,949,-0.006762719247490168
1715872901.1664228,950,-0.003520946716889739
1715872905.0559409,951,-0.005505200941115618
1715872908.9191546,952,-0.005880492273718119
1715872912.8334851,953,-0.005433924030512571
1715872916.7240572,954,-0.00257593160495162
1715872920.6509616,955,-0.0036798163782805204
1715872924.5857697,956,-0.004695919808000326
1715872928.4994886,957,-0.0033037273678928614
1715872932.4462848,958,-0.003094483632594347
1715872936.3489869,959,-0.006011798046529293
1715872940.2680311,960,-0.005413161125034094
1715872944.2249403,961,0.0008423249237239361
1715872948.2140956,962,-0.005195252597332001
1715872952.1433601,963,-0.0010261007118970156
1715872956.0859299,964,-0.0018189605325460434
1715872960.0171921,965,-0.004158036783337593
1715872963.9789345,966,-0.0025653126649558544
1715872967.955669,967,-0.0052410620264709
1715872971.8553677,968,-0.007472984027117491
1715872975.7739298,969,-0.006588156335055828
1715872979.7096136,970,-0.004376279655843973
1715872983.598735,971,-0.005422782618552446
1715872987.6409433,972,-0.0034930119290947914
1715872991.684342,973,-0.002299487590789795
1715872995.592655,974,-0.0007296184194274247
1715872999.5412035,975,-0.0015874964883551002
1715873003.4069262,976,-0.006275566294789314
1715873007.284402,977,-0.0051244692876935005
1715873011.2175112,978,-0.0014123283326625824
1715873015.112617,979,-0.0009950179373845458
1715873019.0119033,980,-0.0029803479555994272
1715873022.907113,981,-0.0020880841184407473
1715873026.77979,982,0.000894147960934788
1715873030.6896453,983,-0.0052085155621171
1715873034.5409122,984,0.0010532408487051725
1715873038.4059594,985,-0.0012527115177363157
1715873042.281814,986,-0.001679257140494883
1715873046.1921086,987,0.0010972472373396158
1715873050.0389543,988,-0.0040121739730238914
1715873053.9273283,989,-0.000241413465118967
1715873057.8232853,990,-0.0015247734263539314
1715873061.82035,991,-0.003567313076928258
1715873065.7238295,992,-0.004706414416432381
1715873069.6408591,993,-0.0029039776418358088
1715873073.5388849,994,-0.0032560371328145266
1715873077.4419334,995,-0.0018927698256447911
1715873081.2988048,996,-0.0035723273176699877
1715873085.206574,997,-0.002476384164765477
1715873089.108971,998,0.000977623276412487
1715873093.1177862,999,-0.0037540195044130087
